TransactionNumber,Name,Type,VolumeTraded1,BoarCo,sell,4
2,META,buy,2
3,RottenFishCo,buy,10
4,NVDA,buy,2
5,GOOGL,buy,2
6,NFLX,sell,8
7,NFLX,sell,10
8,META,sell,2
9,AMZN,sell,8
10,BoarCo,buy,1
11,NVDA,sell,9
12,META,sell,8
13,BoarCo,sell,7
14,RottenFishCo,sell,7
15,AMZN,buy,3
16,NVDA,buy,8
17,META,sell,10
18,AAPL,buy,4
19,GameStart,sell,6
20,NFLX,buy,7
21,AAPL,buy,5
22,META,sell,8
23,BoarCo,sell,6
24,GOOGL,sell,10
25,AAPL,sell,1
26,NVDA,sell,1
27,NVDA,buy,4
28,AMZN,sell,6
29,AAPL,sell,1
30,META,buy,3
31,NVDA,sell,6
32,GameStart,buy,2
33,NFLX,sell,2
34,RottenFishCo,buy,4
35,AAPL,buy,9
36,AMZN,sell,0
37,META,buy,4
38,NFLX,buy,2
39,GOOGL,buy,7
40,META,sell,5
41,NFLX,buy,9
42,META,buy,7
43,NFLX,buy,10
44,META,buy,7
45,AMZN,sell,6
46,NFLX,buy,3
47,MenhirCo,buy,3
48,BoarCo,buy,6
49,NVDA,sell,5
50,GOOGL,sell,5
51,AMZN,buy,9
52,BoarCo,sell,6
53,NVDA,buy,1
54,NFLX,sell,2
55,NFLX,sell,7
56,RottenFishCo,sell,1
57,MenhirCo,sell,6
58,NFLX,buy,5
59,NFLX,buy,10
60,NVDA,buy,0
61,AAPL,buy,10
62,META,sell,8
63,NVDA,buy,6
64,AMZN,buy,5
65,AAPL,buy,1
66,BoarCo,buy,1
67,AMZN,sell,4
68,GameStart,sell,2
69,RottenFishCo,sell,8
70,RottenFishCo,sell,1
71,NVDA,buy,8
72,AMZN,buy,5
73,AAPL,sell,1
74,GameStart,buy,10
75,RottenFishCo,sell,7
76,AMZN,sell,0
77,GOOGL,buy,4
78,BoarCo,sell,8
79,GameStart,buy,3
80,MenhirCo,sell,10
81,MenhirCo,buy,3
82,AMZN,buy,6
83,META,buy,4
84,RottenFishCo,sell,1
85,NVDA,buy,3
86,MenhirCo,buy,8
87,NFLX,sell,0
88,NVDA,buy,9
89,AMZN,sell,3
90,MenhirCo,buy,0
91,BoarCo,buy,3
92,BoarCo,sell,0
93,MenhirCo,sell,6
94,BoarCo,sell,7
95,NVDA,buy,10
96,AMZN,buy,7
97,NVDA,sell,8
98,BoarCo,buy,9
99,META,buy,8
100,GameStart,buy,6
101,AMZN,sell,9
102,NFLX,sell,7
103,BoarCo,buy,5
104,MenhirCo,sell,6
105,BoarCo,buy,1
106,AAPL,buy,0
107,RottenFishCo,buy,3
108,META,sell,8
109,NVDA,buy,6
110,GOOGL,buy,1
111,BoarCo,sell,2
112,BoarCo,buy,2
113,GOOGL,sell,0
114,AAPL,buy,4
115,MenhirCo,sell,8
116,NFLX,buy,0
117,GOOGL,buy,8
118,BoarCo,buy,7
119,MenhirCo,sell,7
120,GOOGL,buy,10
121,NFLX,sell,7
122,AMZN,sell,6
123,MenhirCo,buy,9
124,BoarCo,buy,0
125,GameStart,sell,6
126,RottenFishCo,sell,7
127,NVDA,buy,7
128,AMZN,sell,5
129,MenhirCo,buy,8
130,RottenFishCo,buy,0
131,GOOGL,buy,3
132,AMZN,sell,3
133,META,sell,3
134,RottenFishCo,sell,7
135,RottenFishCo,sell,4
136,META,buy,0
137,NFLX,buy,2
138,RottenFishCo,buy,6
139,NFLX,buy,7
140,RottenFishCo,buy,8
141,BoarCo,buy,10
142,BoarCo,buy,1
143,NFLX,buy,5
144,AAPL,sell,1
145,META,sell,7
146,MenhirCo,sell,1
147,RottenFishCo,sell,0
148,MenhirCo,buy,1
149,META,sell,5
150,RottenFishCo,sell,8
151,RottenFishCo,buy,9
152,RottenFishCo,sell,6
153,GOOGL,buy,1
154,NFLX,buy,7
155,BoarCo,buy,8
156,RottenFishCo,buy,8
157,META,buy,1
158,RottenFishCo,buy,10
159,AMZN,sell,1
160,BoarCo,sell,7
161,GOOGL,sell,6
162,RottenFishCo,sell,6
163,GOOGL,sell,2
164,MenhirCo,buy,1
165,AAPL,sell,5
166,META,buy,4
167,GOOGL,buy,0
168,AMZN,sell,0
169,GOOGL,sell,4
170,GameStart,sell,2
171,AMZN,buy,5
172,META,sell,3
173,MenhirCo,buy,2
174,BoarCo,sell,8
175,AAPL,buy,1
176,AAPL,buy,5
177,AAPL,buy,2
178,META,sell,7
179,RottenFishCo,buy,4
180,MenhirCo,buy,9
181,META,buy,7
182,MenhirCo,buy,10
183,NFLX,buy,5
184,RottenFishCo,sell,3
185,META,buy,9
186,RottenFishCo,buy,10
187,NVDA,buy,5
188,AAPL,sell,9
189,RottenFishCo,buy,3
190,MenhirCo,buy,9
191,BoarCo,sell,4
192,BoarCo,buy,0
193,META,buy,6
194,AAPL,buy,9
195,GOOGL,buy,10
196,BoarCo,sell,0
197,GOOGL,buy,2
198,NVDA,sell,2
199,META,sell,7
200,GOOGL,sell,1
201,BoarCo,sell,1
202,AAPL,sell,3
203,NVDA,sell,9
204,GOOGL,sell,2
205,BoarCo,buy,9
206,NVDA,buy,5
207,RottenFishCo,sell,5
208,RottenFishCo,buy,7
209,GameStart,sell,5
210,AAPL,sell,4
211,NFLX,buy,0
212,GOOGL,buy,8
213,GOOGL,buy,9
214,META,sell,5
215,GOOGL,buy,4
216,AMZN,buy,6
217,AAPL,sell,2
218,AAPL,sell,1
219,RottenFishCo,sell,6
220,NFLX,buy,5
221,MenhirCo,buy,8
222,AMZN,buy,3
223,NFLX,buy,3
224,RottenFishCo,buy,3
225,MenhirCo,sell,1
226,GOOGL,buy,7
227,META,sell,0
228,NFLX,sell,8
229,BoarCo,sell,0
230,NVDA,sell,9
231,GOOGL,sell,9
232,GameStart,sell,3
233,AAPL,buy,4
234,MenhirCo,buy,4
235,GameStart,buy,5
236,BoarCo,buy,0
237,NVDA,buy,0
238,BoarCo,sell,5
239,AAPL,sell,4
240,MenhirCo,sell,9
241,NVDA,buy,8
242,AMZN,buy,3
243,META,buy,7
244,GOOGL,buy,3
245,NVDA,buy,2
246,AMZN,sell,2
247,AAPL,sell,3
248,NVDA,buy,8
249,BoarCo,sell,6
250,GameStart,sell,5
251,GOOGL,buy,8
252,BoarCo,buy,6
253,AAPL,sell,4
254,GOOGL,buy,1
255,AMZN,sell,7
256,AAPL,sell,6
257,NVDA,sell,10
258,GameStart,buy,9
259,RottenFishCo,buy,1
260,AAPL,buy,2
261,META,buy,7
262,META,sell,10
263,AAPL,sell,10
264,MenhirCo,sell,0
265,MenhirCo,sell,0
266,AMZN,sell,0
267,RottenFishCo,sell,7
268,AAPL,sell,7
269,AMZN,buy,5
270,MenhirCo,sell,2
271,AMZN,buy,4
272,BoarCo,buy,4
273,GameStart,sell,0
274,NFLX,sell,1
275,GOOGL,sell,9
276,GameStart,buy,9
277,META,sell,2
278,GameStart,sell,6
279,GameStart,sell,5
280,BoarCo,sell,3
281,NVDA,sell,10
282,NVDA,sell,4
283,NFLX,buy,4
284,META,sell,3
285,NFLX,sell,9
286,AMZN,buy,7
287,GameStart,sell,2
288,GameStart,sell,6
289,BoarCo,sell,0
290,NFLX,sell,0
291,AMZN,buy,1
292,GOOGL,sell,10
293,RottenFishCo,sell,9
294,AMZN,sell,5
295,NVDA,sell,9
296,NFLX,sell,4
297,NVDA,buy,2
298,META,sell,4
299,GOOGL,buy,0
300,GameStart,buy,0
301,MenhirCo,sell,3
302,AMZN,buy,6
303,BoarCo,sell,8
304,AMZN,sell,0
305,AAPL,sell,6
306,RottenFishCo,sell,7
307,META,buy,0
308,GameStart,sell,3
309,META,sell,8
310,GOOGL,buy,3
311,GOOGL,sell,0
312,NFLX,buy,4
313,AMZN,buy,2
314,GameStart,buy,8
315,AAPL,sell,6
316,META,buy,1
317,META,sell,6
318,GOOGL,sell,9
319,BoarCo,buy,0
320,NVDA,sell,10
321,AAPL,buy,6
322,GameStart,buy,3
323,RottenFishCo,buy,0
324,AMZN,sell,0
325,GameStart,buy,9
326,NFLX,buy,5
327,GameStart,sell,3
328,AAPL,sell,5
329,GameStart,buy,0
330,AMZN,sell,9
331,NFLX,buy,4
332,MenhirCo,buy,10
333,MenhirCo,buy,3
334,GOOGL,sell,3
335,BoarCo,sell,8
336,BoarCo,sell,4
337,GOOGL,sell,5
338,AAPL,sell,1
339,META,buy,10
340,AAPL,sell,0
341,NFLX,buy,8
342,GOOGL,buy,0
343,AAPL,buy,7
344,META,sell,9
345,META,buy,2
346,NVDA,sell,8
347,NFLX,buy,5
348,GameStart,buy,1
349,MenhirCo,buy,5
350,BoarCo,buy,4
351,BoarCo,sell,3
352,MenhirCo,buy,6
353,AAPL,buy,6
354,RottenFishCo,sell,4
355,RottenFishCo,sell,9
356,AAPL,buy,8
357,MenhirCo,sell,1
358,GameStart,buy,2
359,BoarCo,sell,0
360,BoarCo,buy,10
361,RottenFishCo,sell,8
362,META,sell,2
363,AMZN,buy,0
364,AAPL,sell,8
365,NVDA,sell,5
366,RottenFishCo,buy,8
367,BoarCo,buy,0
368,META,buy,9
369,NFLX,sell,1
370,AMZN,sell,2
371,NFLX,sell,4
372,NFLX,buy,7
373,AMZN,sell,0
374,NFLX,sell,8
375,RottenFishCo,sell,5
376,GOOGL,sell,1
377,BoarCo,buy,8
378,RottenFishCo,sell,2
379,GOOGL,sell,10
380,NVDA,buy,0
381,NFLX,buy,7
382,MenhirCo,buy,10
383,META,sell,0
384,GOOGL,buy,10
385,NVDA,sell,8
386,META,buy,6
387,RottenFishCo,sell,2
388,RottenFishCo,sell,3
389,NVDA,sell,5
390,MenhirCo,sell,7
391,AAPL,sell,6
392,AMZN,buy,2
393,META,sell,6
394,BoarCo,buy,2
395,MenhirCo,sell,4
396,NFLX,sell,0
397,AAPL,buy,0
398,NFLX,buy,0
399,MenhirCo,sell,7
400,BoarCo,buy,10
401,AMZN,buy,7
402,META,buy,5
403,NVDA,sell,4
404,RottenFishCo,buy,5
405,GameStart,sell,8
406,BoarCo,sell,6
407,MenhirCo,sell,9
408,GOOGL,buy,10
409,GameStart,sell,3
410,RottenFishCo,buy,3
411,GOOGL,buy,2
412,NVDA,buy,8
413,GOOGL,sell,4
414,RottenFishCo,sell,7
415,GameStart,buy,10
416,GameStart,buy,8
417,META,buy,8
418,GameStart,sell,5
419,META,buy,4
420,RottenFishCo,sell,0
421,BoarCo,sell,8
422,GameStart,buy,1
423,RottenFishCo,buy,8
424,MenhirCo,buy,2
425,MenhirCo,buy,1
426,NFLX,buy,4
427,META,buy,10
428,GOOGL,sell,5
429,GameStart,buy,8
430,NVDA,sell,1
431,AMZN,sell,0
432,AMZN,buy,1
433,AMZN,buy,7
434,GameStart,sell,5
435,NFLX,sell,6
436,RottenFishCo,buy,0
437,MenhirCo,sell,2
438,BoarCo,sell,6
439,GOOGL,buy,9
440,NVDA,sell,8
441,MenhirCo,sell,3
442,NFLX,sell,10
443,NVDA,sell,7
444,NFLX,sell,4
445,MenhirCo,sell,5
446,NVDA,sell,7
447,GOOGL,sell,8
448,GOOGL,sell,3
449,MenhirCo,sell,7
450,NVDA,sell,5
451,AAPL,buy,6
452,MenhirCo,sell,3
453,AMZN,buy,7
454,META,buy,0
455,AMZN,buy,10
456,AMZN,buy,2
457,NVDA,buy,8
458,AAPL,buy,6
459,NFLX,sell,3
460,AAPL,sell,10
461,MenhirCo,buy,6
462,GOOGL,sell,9
463,RottenFishCo,sell,9
464,AAPL,buy,5
465,META,buy,3
466,AAPL,sell,4
467,AMZN,sell,9
468,GameStart,buy,8
469,BoarCo,sell,3
470,MenhirCo,buy,1
471,META,buy,4
472,AMZN,sell,5
473,MenhirCo,sell,6
474,BoarCo,buy,8
475,AMZN,buy,1
476,NVDA,buy,7
477,NVDA,buy,4
478,BoarCo,buy,1
479,GameStart,sell,5
480,NVDA,sell,9
481,NFLX,sell,1
482,MenhirCo,buy,6
483,NVDA,buy,1
484,GameStart,buy,5
485,NFLX,sell,3
486,BoarCo,sell,7
487,BoarCo,buy,10
488,MenhirCo,buy,2
489,NVDA,sell,0
490,NVDA,sell,10
491,BoarCo,buy,9
492,NVDA,sell,6
493,AMZN,buy,7
494,GameStart,sell,4
495,AAPL,sell,6
496,NFLX,buy,8
497,AAPL,sell,1
498,NVDA,sell,4
499,GOOGL,buy,5
500,BoarCo,sell,7
501,NFLX,sell,7
502,META,buy,9
503,META,sell,6
504,RottenFishCo,buy,4
505,NFLX,sell,9
506,AMZN,buy,4
507,MenhirCo,sell,4
508,AAPL,buy,0
509,NVDA,buy,4
510,RottenFishCo,buy,6
511,BoarCo,sell,9
512,BoarCo,buy,9
513,NFLX,buy,4
514,RottenFishCo,sell,1
515,AMZN,buy,1
516,NFLX,buy,4
517,RottenFishCo,buy,4
518,GOOGL,buy,6
519,MenhirCo,sell,1
520,AAPL,sell,2
521,MenhirCo,sell,5
522,BoarCo,sell,8
523,NVDA,buy,0
524,AMZN,sell,10
525,MenhirCo,buy,5
526,BoarCo,buy,8
527,GOOGL,sell,9
528,MenhirCo,buy,8
529,RottenFishCo,sell,5
530,MenhirCo,sell,8
531,AMZN,sell,3
532,MenhirCo,sell,4
533,MenhirCo,sell,9
534,GOOGL,sell,3
535,BoarCo,buy,7
536,BoarCo,sell,2
537,BoarCo,sell,2
538,AAPL,buy,8
539,BoarCo,sell,3
540,NVDA,buy,1
541,AMZN,sell,7
542,AAPL,sell,3
543,AMZN,sell,10
544,GOOGL,buy,7
545,NVDA,buy,10
546,AAPL,sell,5
547,AAPL,buy,10
548,AMZN,buy,8
549,NFLX,sell,4
550,BoarCo,buy,4
551,AAPL,sell,0
552,BoarCo,sell,3
553,BoarCo,sell,2
554,RottenFishCo,buy,4
555,META,sell,6
556,NFLX,buy,0
557,GameStart,sell,0
558,GOOGL,sell,8
559,AAPL,sell,4
560,AAPL,buy,4
561,BoarCo,sell,6
562,BoarCo,buy,5
563,AAPL,sell,3
564,MenhirCo,sell,10
565,META,buy,3
566,AMZN,sell,4
567,NVDA,buy,7
568,GameStart,sell,4
569,RottenFishCo,buy,10
570,AMZN,sell,7
571,NVDA,sell,9
572,GOOGL,buy,3
573,GameStart,sell,10
574,MenhirCo,sell,8
575,MenhirCo,sell,6
576,AMZN,buy,5
577,NFLX,buy,2
578,GOOGL,sell,9
579,GameStart,sell,4
580,AMZN,buy,7
581,GameStart,sell,1
582,GOOGL,buy,3
583,AAPL,sell,8
584,NFLX,sell,3
585,GameStart,buy,1
586,GameStart,sell,4
587,RottenFishCo,sell,7
588,RottenFishCo,sell,3
589,META,sell,8
590,GameStart,buy,5
591,RottenFishCo,buy,10
592,NFLX,buy,1
593,AAPL,sell,1
594,NVDA,buy,9
595,MenhirCo,buy,9
596,NFLX,buy,1
597,AMZN,sell,4
598,RottenFishCo,sell,8
599,GameStart,buy,7
600,AMZN,sell,4
601,MenhirCo,buy,3
602,BoarCo,buy,9
603,AMZN,sell,4
604,NVDA,sell,6
605,MenhirCo,buy,2
606,AAPL,sell,4
607,BoarCo,buy,0
608,NFLX,buy,5
609,BoarCo,sell,7
610,NVDA,buy,8
611,NVDA,buy,6
612,AMZN,buy,0
613,GOOGL,sell,2
614,MenhirCo,buy,2
615,AAPL,sell,6
616,NVDA,buy,6
617,AMZN,buy,5
618,BoarCo,sell,7
619,GOOGL,sell,4
620,MenhirCo,sell,5
621,GameStart,buy,1
622,AAPL,sell,4
623,BoarCo,buy,2
624,MenhirCo,buy,9
625,NVDA,sell,2
626,NFLX,buy,0
627,RottenFishCo,sell,6
628,NFLX,sell,0
629,GOOGL,sell,0
630,NFLX,buy,0
631,RottenFishCo,buy,2
632,AMZN,buy,10
633,GOOGL,buy,2
634,RottenFishCo,sell,2
635,AMZN,sell,1
636,RottenFishCo,sell,10
637,MenhirCo,sell,2
638,META,sell,3
639,NFLX,sell,3
640,GOOGL,sell,0
641,META,buy,8
642,NFLX,sell,5
643,MenhirCo,buy,1
644,BoarCo,buy,0
645,GameStart,sell,10
646,RottenFishCo,sell,10
647,AAPL,sell,7
648,NFLX,buy,4
649,NVDA,buy,3
650,AMZN,buy,0
651,MenhirCo,sell,0
652,NVDA,sell,5
653,META,sell,5
654,GameStart,buy,1
655,MenhirCo,sell,10
656,GOOGL,buy,5
657,BoarCo,sell,0
658,META,sell,10
659,GOOGL,buy,8
660,NVDA,sell,3
661,META,buy,3
662,NVDA,sell,0
663,NVDA,sell,1
664,RottenFishCo,buy,1
665,AAPL,sell,2
666,NFLX,buy,2
667,GameStart,buy,7
668,GOOGL,buy,10
669,GOOGL,sell,10
670,GOOGL,buy,7
671,GameStart,buy,1
672,GOOGL,buy,4
673,AMZN,sell,3
674,NVDA,buy,2
675,BoarCo,buy,8
676,RottenFishCo,buy,2
677,NVDA,buy,1
678,NFLX,buy,2
679,MenhirCo,sell,4
680,GameStart,buy,6
681,META,sell,8
682,META,sell,10
683,NFLX,buy,8
684,BoarCo,buy,4
685,MenhirCo,sell,1
686,AAPL,buy,8
687,MenhirCo,buy,8
688,GameStart,buy,8
689,GameStart,sell,4
690,AAPL,sell,5
691,AAPL,buy,1
692,MenhirCo,sell,1
693,MenhirCo,buy,4
694,GameStart,sell,3
695,BoarCo,buy,4
696,GOOGL,sell,6
697,MenhirCo,buy,8
698,AAPL,sell,5
699,META,buy,6
700,MenhirCo,buy,6
701,NFLX,buy,5
702,MenhirCo,buy,6
703,AMZN,sell,1
704,AAPL,buy,7
705,RottenFishCo,buy,2
706,AMZN,buy,0
707,BoarCo,sell,1
708,AAPL,buy,6
709,GOOGL,buy,3
710,RottenFishCo,buy,5
711,AMZN,sell,9
712,MenhirCo,buy,10
713,AMZN,sell,2
714,META,buy,2
715,GOOGL,sell,3
716,AMZN,sell,2
717,MenhirCo,buy,4
718,AMZN,buy,10
719,GOOGL,sell,3
720,NFLX,buy,4
721,AAPL,buy,0
722,BoarCo,sell,4
723,MenhirCo,buy,2
724,AMZN,buy,4
725,NFLX,sell,2
726,GOOGL,buy,1
727,NFLX,sell,3
728,GameStart,buy,2
729,NVDA,buy,2
730,GOOGL,buy,9
731,NFLX,sell,8
732,NFLX,sell,0
733,BoarCo,buy,9
734,BoarCo,buy,6
735,META,buy,7
736,AMZN,sell,8
737,RottenFishCo,buy,6
738,GameStart,buy,1
739,GOOGL,buy,1
740,META,buy,0
741,META,buy,2
742,RottenFishCo,sell,9
743,META,buy,4
744,NVDA,sell,0
745,GOOGL,sell,3
746,GameStart,buy,9
747,AAPL,sell,0
748,RottenFishCo,sell,9
749,BoarCo,buy,7
750,NFLX,buy,4
751,BoarCo,sell,3
752,NVDA,buy,10
753,NVDA,sell,10
754,AAPL,buy,0
755,MenhirCo,buy,10
756,AAPL,buy,6
757,RottenFishCo,sell,4
758,RottenFishCo,buy,4
759,NFLX,sell,10
760,AAPL,sell,6
761,NFLX,buy,8
762,NVDA,buy,10
763,GOOGL,buy,5
764,NVDA,buy,5
765,MenhirCo,sell,1
766,NVDA,sell,9
767,GOOGL,buy,9
768,META,buy,6
769,NVDA,sell,9
770,BoarCo,sell,10
771,AMZN,sell,2
772,META,sell,4
773,AAPL,sell,6
774,GOOGL,buy,10
775,NFLX,buy,2
776,AAPL,buy,7
777,BoarCo,sell,5
778,AAPL,sell,6
779,MenhirCo,sell,5
780,MenhirCo,sell,2
781,MenhirCo,sell,7
782,RottenFishCo,sell,8
783,META,buy,8
784,BoarCo,buy,4
785,META,sell,1
786,NVDA,sell,7
787,RottenFishCo,sell,4
788,NVDA,buy,9
789,MenhirCo,sell,7
790,AAPL,sell,0
791,NVDA,buy,10
792,RottenFishCo,buy,7
793,NVDA,sell,4
794,AAPL,sell,4
795,AAPL,buy,3
796,AAPL,sell,2
797,AMZN,buy,0
798,MenhirCo,buy,4
799,BoarCo,sell,5
800,NFLX,buy,0
801,GOOGL,buy,7
802,MenhirCo,buy,0
803,BoarCo,buy,10
804,AMZN,buy,3
805,RottenFishCo,buy,6
806,RottenFishCo,sell,1
807,AAPL,sell,3
808,NFLX,buy,0
809,META,buy,5
810,RottenFishCo,buy,10
811,BoarCo,sell,6
812,RottenFishCo,sell,6
813,BoarCo,buy,9
814,BoarCo,buy,9
815,AAPL,sell,9
816,AMZN,buy,4
817,GOOGL,buy,6
818,AAPL,buy,2
819,RottenFishCo,buy,9
820,RottenFishCo,buy,10
821,NVDA,sell,7
822,RottenFishCo,sell,2
823,RottenFishCo,buy,4
824,MenhirCo,sell,7
825,BoarCo,buy,6
826,MenhirCo,sell,9
827,NVDA,sell,8
828,GOOGL,buy,2
829,GOOGL,buy,1
830,META,buy,8
831,NVDA,buy,8
832,AAPL,sell,5
833,MenhirCo,buy,0
834,RottenFishCo,buy,4
835,GOOGL,sell,0
836,AAPL,sell,9
837,GOOGL,buy,4
838,RottenFishCo,sell,2
839,AMZN,sell,1
840,BoarCo,sell,1
841,RottenFishCo,sell,6
842,BoarCo,sell,2
843,META,buy,9
844,RottenFishCo,sell,4
845,AAPL,sell,10
846,BoarCo,sell,5
847,RottenFishCo,buy,5
848,GOOGL,sell,10
849,NVDA,sell,1
850,GOOGL,sell,4
851,MenhirCo,sell,4
852,AAPL,buy,0
853,NFLX,buy,7
854,NVDA,sell,7
855,BoarCo,sell,4
856,MenhirCo,sell,6
857,BoarCo,sell,2
858,META,buy,0
859,NFLX,sell,8
860,NVDA,sell,8
861,RottenFishCo,sell,10
862,AMZN,buy,2
863,MenhirCo,sell,0
864,BoarCo,buy,5
865,NFLX,buy,0
866,MenhirCo,sell,5
867,BoarCo,buy,6
868,BoarCo,buy,9
869,NVDA,sell,7
870,META,buy,2
871,NFLX,buy,5
872,NVDA,sell,8
873,RottenFishCo,buy,1
874,NFLX,sell,7
875,MenhirCo,sell,0
876,META,buy,7
877,META,buy,0
878,MenhirCo,buy,8
879,AMZN,buy,4
880,AMZN,buy,2
881,BoarCo,sell,5
882,META,sell,5
883,MenhirCo,sell,2
884,GOOGL,sell,7
885,AAPL,buy,3
886,BoarCo,buy,2
887,META,sell,1
888,BoarCo,buy,2
889,META,buy,8
890,AAPL,sell,6
891,META,sell,7
892,AAPL,sell,4
893,NVDA,sell,1
894,META,sell,6
895,AMZN,buy,1
896,AMZN,buy,9
897,MenhirCo,buy,8
898,RottenFishCo,buy,8
899,NVDA,buy,3
900,AMZN,buy,10
901,NFLX,buy,3
902,GOOGL,sell,0
903,META,buy,10
904,META,buy,10
905,AMZN,sell,7
906,GOOGL,buy,6
907,GOOGL,buy,4
908,RottenFishCo,sell,6
909,MenhirCo,sell,3
910,AAPL,sell,4
911,GOOGL,buy,9
912,MenhirCo,sell,1
913,AAPL,buy,0
914,NVDA,buy,7
915,AAPL,sell,8
916,MenhirCo,sell,8
917,NVDA,buy,0
918,NVDA,sell,0
919,RottenFishCo,buy,4
920,AMZN,buy,1
921,MenhirCo,buy,9
922,RottenFishCo,sell,2
923,AAPL,sell,0
924,MenhirCo,sell,1
925,AMZN,sell,7
926,BoarCo,sell,9
927,RottenFishCo,buy,4
928,NFLX,buy,6
929,BoarCo,sell,6
930,MenhirCo,buy,7
931,META,sell,5
932,META,sell,4
933,RottenFishCo,sell,4
934,AMZN,sell,9
935,NFLX,buy,1
936,RottenFishCo,buy,4
937,GOOGL,buy,2
938,RottenFishCo,buy,6
939,BoarCo,buy,9
940,GOOGL,buy,1
941,RottenFishCo,sell,7
942,MenhirCo,buy,9
943,GOOGL,buy,1
944,NVDA,sell,2
945,META,buy,4
946,AAPL,sell,10
947,BoarCo,sell,8
948,MenhirCo,sell,1
949,AMZN,buy,3
950,AAPL,sell,1
951,NVDA,sell,9
952,NFLX,sell,8
953,AMZN,buy,3
954,GOOGL,sell,4
955,AAPL,sell,7
956,NVDA,buy,7
957,RottenFishCo,buy,4
958,META,sell,9
959,MenhirCo,buy,6
960,AMZN,sell,3
961,MenhirCo,sell,9
962,RottenFishCo,buy,6
963,BoarCo,buy,0
964,AMZN,sell,3
965,MenhirCo,sell,7
966,RottenFishCo,buy,0
967,GOOGL,sell,6
968,META,sell,5
969,META,sell,5
970,META,buy,5
971,AMZN,sell,2
972,BoarCo,buy,1
973,NVDA,buy,1
974,AAPL,buy,3
975,MenhirCo,buy,3
976,NFLX,sell,3
977,NVDA,sell,7
978,META,buy,10
979,BoarCo,buy,5
980,AMZN,sell,8
981,AAPL,buy,7
982,RottenFishCo,sell,3
983,RottenFishCo,buy,10
984,AAPL,buy,0
985,GOOGL,sell,8
986,RottenFishCo,sell,0
987,AMZN,sell,0
988,NFLX,sell,6
989,AAPL,buy,1
990,NFLX,buy,6
991,META,buy,2
992,AAPL,buy,8
993,NFLX,buy,9
994,MenhirCo,sell,8
995,RottenFishCo,sell,6
996,RottenFishCo,sell,2
997,MenhirCo,buy,2
998,AAPL,buy,6
999,RottenFishCo,buy,10
1000,BoarCo,buy,7
1001,RottenFishCo,buy,3
1002,AMZN,buy,9
1003,NFLX,sell,10
1004,AAPL,sell,9
1005,RottenFishCo,buy,10
1006,NFLX,sell,2
1007,MenhirCo,buy,2
1008,MenhirCo,sell,5
1009,BoarCo,sell,1
1010,MenhirCo,buy,7
1011,NVDA,sell,2
1012,RottenFishCo,sell,7
1013,AAPL,sell,6
1014,META,sell,1
1015,AMZN,sell,1
1016,NFLX,buy,4
1017,NVDA,buy,1
1018,RottenFishCo,buy,2
1019,NFLX,sell,6
1020,AMZN,sell,2
1021,META,buy,8
1022,NVDA,buy,3
1023,NFLX,sell,6
1024,AAPL,sell,9
1025,BoarCo,buy,4
1026,GOOGL,buy,5
1027,NVDA,sell,0
1028,GOOGL,sell,2
1029,BoarCo,sell,9
1030,NFLX,sell,7
1031,BoarCo,buy,4
1032,MenhirCo,buy,9
1033,META,buy,0
1034,NFLX,sell,4
1035,BoarCo,buy,3
1036,AAPL,sell,0
1037,NFLX,sell,1
1038,AMZN,buy,9
1039,AMZN,buy,7
1040,AMZN,buy,1
1041,MenhirCo,sell,7
1042,NFLX,buy,9
1043,RottenFishCo,buy,3
1044,NFLX,sell,6
1045,BoarCo,buy,0
1046,NVDA,buy,4
1047,RottenFishCo,sell,8
1048,BoarCo,buy,3
1049,AAPL,buy,2
1050,GOOGL,sell,4
1051,NVDA,buy,3
1052,AMZN,buy,7
1053,BoarCo,sell,3
1054,BoarCo,buy,2
1055,AAPL,sell,3
1056,RottenFishCo,sell,8
1057,NVDA,buy,9
1058,BoarCo,sell,2
1059,NVDA,sell,5
1060,MenhirCo,buy,4
1061,RottenFishCo,sell,5
1062,GOOGL,buy,2
1063,BoarCo,sell,8
1064,AAPL,sell,8
1065,NVDA,sell,9
1066,META,sell,6
1067,META,sell,4
1068,RottenFishCo,sell,3
1069,RottenFishCo,sell,1
1070,NFLX,buy,9
1071,GOOGL,sell,0
1072,META,sell,10
1073,AMZN,sell,0
1074,AAPL,buy,7
1075,AMZN,buy,0
1076,NVDA,buy,1
1077,NFLX,sell,4
1078,NVDA,sell,4
1079,GOOGL,sell,5
1080,GOOGL,sell,5
1081,NVDA,buy,3
1082,MenhirCo,buy,3
1083,MenhirCo,sell,9
1084,META,sell,7
1085,META,buy,6
1086,AMZN,buy,0
1087,GOOGL,buy,3
1088,RottenFishCo,buy,10
1089,BoarCo,buy,8
1090,GOOGL,buy,0
1091,BoarCo,sell,5
1092,META,sell,10
1093,GOOGL,sell,9
1094,MenhirCo,sell,9
1095,NFLX,buy,4
1096,NVDA,buy,6
1097,BoarCo,buy,3
1098,AMZN,sell,7
1099,MenhirCo,sell,9
1100,MenhirCo,buy,4
1101,AMZN,buy,0
1102,NVDA,sell,4
1103,NVDA,sell,6
1104,AMZN,buy,0
1105,META,sell,2
1106,MenhirCo,sell,0
1107,AAPL,buy,0
1108,META,buy,9
1109,AAPL,buy,0
1110,MenhirCo,buy,7
1111,NFLX,buy,7
1112,GOOGL,sell,0
1113,BoarCo,buy,9
1114,META,buy,1
1115,RottenFishCo,buy,10
1116,BoarCo,buy,10
1117,AMZN,sell,9
1118,NFLX,sell,4
1119,AAPL,buy,0
1120,AMZN,buy,9
1121,MenhirCo,buy,4
1122,NVDA,sell,0
1123,AMZN,buy,5
1124,AMZN,buy,3
1125,NFLX,buy,9
1126,GOOGL,sell,6
1127,AAPL,sell,10
1128,META,sell,8
1129,AAPL,sell,7
1130,META,buy,1
1131,BoarCo,sell,9
1132,META,sell,3
1133,META,buy,6
1134,NFLX,buy,4
1135,NFLX,sell,5
1136,RottenFishCo,sell,3
1137,GOOGL,sell,3
1138,AMZN,sell,6
1139,RottenFishCo,buy,8
1140,GOOGL,sell,3
1141,AMZN,buy,4
1142,AMZN,buy,1
1143,BoarCo,sell,9
1144,GOOGL,buy,8
1145,AMZN,buy,4
1146,GOOGL,buy,8
1147,NFLX,buy,4
1148,META,sell,7
1149,META,sell,10
1150,MenhirCo,sell,4
1151,NVDA,sell,10
1152,RottenFishCo,buy,5
1153,AAPL,sell,2
1154,NVDA,buy,0
1155,MenhirCo,sell,8
1156,META,buy,9
1157,MenhirCo,buy,8
1158,RottenFishCo,sell,7
1159,AAPL,sell,6
1160,MenhirCo,buy,0
1161,RottenFishCo,buy,6
1162,BoarCo,buy,6
1163,AAPL,sell,0
1164,AMZN,sell,10
1165,NFLX,sell,6
1166,MenhirCo,buy,4
1167,META,sell,4
1168,MenhirCo,buy,9
1169,MenhirCo,buy,9
1170,RottenFishCo,buy,1
1171,RottenFishCo,sell,6
1172,MenhirCo,buy,9
1173,GOOGL,buy,8
1174,RottenFishCo,sell,5
1175,NVDA,sell,6
1176,NVDA,sell,10
1177,NVDA,buy,4
1178,NVDA,buy,6
1179,META,buy,8
1180,NVDA,sell,9
1181,NVDA,sell,7
1182,RottenFishCo,sell,9
1183,RottenFishCo,sell,4
1184,GOOGL,sell,0
1185,AAPL,buy,0
1186,RottenFishCo,buy,1
1187,MenhirCo,buy,1
1188,BoarCo,sell,6
1189,AAPL,sell,2
1190,BoarCo,sell,2
1191,MenhirCo,sell,7
1192,META,buy,10
1193,AAPL,sell,1
1194,RottenFishCo,buy,7
1195,NFLX,sell,5
1196,NFLX,sell,4
1197,META,sell,6
1198,GOOGL,buy,2
1199,NFLX,sell,9
1200,RottenFishCo,sell,9
1201,META,sell,2
1202,GOOGL,buy,10
1203,RottenFishCo,buy,6
1204,GOOGL,sell,7
1205,NFLX,buy,10
1206,GOOGL,buy,9
1207,GOOGL,buy,3
1208,GOOGL,buy,4
1209,RottenFishCo,sell,7
1210,BoarCo,sell,8
1211,NVDA,buy,3
1212,NVDA,buy,4
1213,AAPL,sell,8
1214,AMZN,buy,8
1215,BoarCo,buy,1
1216,AMZN,sell,1
1217,MenhirCo,sell,1
1218,NFLX,sell,1
1219,RottenFishCo,sell,3
1220,META,sell,2
1221,NFLX,sell,9
1222,META,buy,6
1223,NFLX,sell,8
1224,BoarCo,sell,5
1225,NVDA,sell,5
1226,BoarCo,sell,6
1227,AMZN,sell,4
1228,GOOGL,sell,3
1229,BoarCo,sell,3
1230,NVDA,buy,4
1231,MenhirCo,buy,0
1232,GOOGL,buy,0
1233,NFLX,buy,5
1234,MenhirCo,buy,0
1235,BoarCo,sell,8
1236,AMZN,buy,4
1237,META,buy,7
1238,BoarCo,buy,6
1239,AAPL,buy,7
1240,NFLX,sell,3
1241,AAPL,sell,5
1242,AAPL,buy,8
1243,NFLX,buy,4
1244,NVDA,buy,2
1245,NVDA,sell,5
1246,BoarCo,sell,10
1247,META,buy,2
1248,RottenFishCo,buy,4
1249,NFLX,sell,7
1250,AMZN,buy,3
1251,NFLX,buy,0
1252,AMZN,sell,3
1253,NFLX,sell,6
1254,GOOGL,sell,7
1255,BoarCo,sell,10
1256,NFLX,sell,7
1257,META,sell,9
1258,MenhirCo,sell,2
1259,AMZN,sell,1
1260,GOOGL,sell,5
1261,GOOGL,sell,2
1262,MenhirCo,buy,6
1263,BoarCo,buy,0
1264,GOOGL,sell,3
1265,META,sell,4
1266,NFLX,sell,0
1267,BoarCo,buy,10
1268,AAPL,buy,10
1269,AMZN,sell,2
1270,RottenFishCo,buy,6
1271,NVDA,buy,10
1272,BoarCo,buy,4
1273,NFLX,sell,6
1274,NFLX,buy,10
1275,META,sell,7
1276,META,sell,4
1277,META,sell,9
1278,AAPL,buy,9
1279,BoarCo,sell,4
1280,AAPL,buy,8
1281,GOOGL,sell,8
1282,GOOGL,sell,8
1283,RottenFishCo,sell,4
1284,RottenFishCo,buy,10
1285,NFLX,buy,6
1286,AAPL,buy,8
1287,RottenFishCo,sell,5
1288,AMZN,sell,7
1289,MenhirCo,sell,2
1290,META,sell,4
1291,MenhirCo,sell,0
1292,NVDA,sell,9
1293,RottenFishCo,sell,0
1294,AMZN,buy,8
1295,AMZN,sell,4
1296,META,buy,4
1297,NFLX,sell,2
1298,GOOGL,sell,8
1299,BoarCo,sell,1
1300,GOOGL,sell,10
1301,NVDA,buy,1
1302,MenhirCo,sell,8
1303,AAPL,buy,3
1304,RottenFishCo,buy,6
1305,META,sell,1
1306,META,sell,2
1307,GOOGL,sell,10
1308,MenhirCo,sell,0
1309,BoarCo,sell,4
1310,META,sell,1
1311,NVDA,buy,4
1312,META,sell,10
1313,MenhirCo,sell,7
1314,META,sell,7
1315,NVDA,buy,0
1316,NFLX,buy,2
1317,AMZN,buy,9
1318,BoarCo,sell,4
1319,GOOGL,sell,10
1320,NFLX,buy,0
1321,AAPL,buy,2
1322,NVDA,buy,4
1323,NVDA,buy,2
1324,RottenFishCo,sell,2
1325,GOOGL,buy,2
1326,MenhirCo,buy,1
1327,MenhirCo,sell,5
1328,META,sell,0
1329,AMZN,buy,4
1330,GOOGL,sell,10
1331,GOOGL,sell,10
1332,GOOGL,sell,1
1333,AMZN,buy,5
1334,AAPL,sell,0
1335,GOOGL,sell,2
1336,AAPL,buy,7
1337,RottenFishCo,sell,7
1338,META,sell,4
1339,BoarCo,sell,9
1340,AAPL,sell,0
1341,NFLX,buy,2
1342,META,buy,8
1343,NVDA,buy,5
1344,GOOGL,sell,3
1345,NVDA,buy,7
1346,NFLX,buy,3
1347,META,buy,9
1348,NFLX,sell,10
1349,BoarCo,sell,10
1350,AAPL,sell,1
1351,MenhirCo,buy,9
1352,NFLX,buy,7
1353,AAPL,sell,1
1354,AAPL,sell,0
1355,MenhirCo,sell,6
1356,NVDA,buy,4
1357,MenhirCo,sell,3
1358,NFLX,sell,10
1359,AAPL,buy,6
1360,RottenFishCo,sell,7
1361,AMZN,sell,10
1362,MenhirCo,buy,7
1363,GOOGL,buy,10
1364,NFLX,buy,7
1365,NFLX,sell,0
1366,MenhirCo,sell,0
1367,RottenFishCo,sell,5
1368,AMZN,sell,1
1369,MenhirCo,buy,3
1370,AMZN,buy,7
1371,NVDA,sell,6
1372,BoarCo,buy,1
1373,RottenFishCo,buy,5
1374,AAPL,sell,7
1375,META,sell,5
1376,NVDA,sell,8
1377,AAPL,sell,9
1378,META,buy,8
1379,AAPL,sell,7
1380,AMZN,sell,5
1381,GOOGL,sell,5
1382,META,sell,5
1383,AAPL,sell,5
1384,AMZN,buy,9
1385,BoarCo,buy,8
1386,NFLX,buy,7
1387,NVDA,sell,5
1388,BoarCo,sell,4
1389,BoarCo,buy,0
1390,BoarCo,sell,7
1391,AMZN,buy,6
1392,RottenFishCo,buy,3
1393,AAPL,sell,9
1394,AMZN,sell,3
1395,RottenFishCo,sell,3
1396,AMZN,buy,0
1397,GOOGL,buy,1
1398,GOOGL,buy,6
1399,NVDA,sell,0
1400,BoarCo,sell,3
1401,RottenFishCo,buy,3
1402,NVDA,sell,2
1403,RottenFishCo,sell,3
1404,AAPL,sell,6
1405,AMZN,sell,2
1406,GOOGL,sell,5
1407,AMZN,sell,3
1408,MenhirCo,buy,4
1409,AAPL,buy,9
1410,RottenFishCo,buy,0
1411,BoarCo,sell,1
1412,AMZN,sell,1
1413,AAPL,buy,0
1414,AAPL,buy,1
1415,MenhirCo,buy,4
1416,NFLX,sell,3
1417,NVDA,buy,9
1418,META,buy,2
1419,RottenFishCo,buy,6
1420,META,sell,7
1421,GOOGL,buy,1
1422,AMZN,sell,0
1423,AAPL,buy,10
1424,MenhirCo,buy,3
1425,BoarCo,sell,2
1426,NVDA,sell,2
1427,RottenFishCo,sell,3
1428,NVDA,buy,6
1429,NVDA,sell,0
1430,AAPL,sell,4
1431,AMZN,sell,5
1432,GOOGL,sell,8
1433,AMZN,buy,1
1434,NVDA,buy,7
1435,MenhirCo,buy,0
1436,AAPL,buy,9
1437,GOOGL,buy,4
1438,BoarCo,sell,5
1439,RottenFishCo,sell,5
1440,MenhirCo,buy,8
1441,RottenFishCo,buy,10
1442,GOOGL,sell,5
1443,AAPL,sell,1
1444,NVDA,sell,3
1445,RottenFishCo,sell,5
1446,MenhirCo,buy,9
1447,BoarCo,buy,10
1448,RottenFishCo,sell,3
1449,NFLX,buy,8
1450,MenhirCo,buy,1
1451,NVDA,buy,1
1452,RottenFishCo,sell,5
1453,BoarCo,buy,5
1454,MenhirCo,buy,8
1455,GOOGL,buy,4
1456,AAPL,sell,4
1457,RottenFishCo,buy,4
1458,NFLX,sell,0
1459,AAPL,buy,1
1460,NVDA,buy,6
1461,AAPL,buy,8
1462,BoarCo,sell,3
1463,BoarCo,sell,3
1464,AMZN,buy,4
1465,META,sell,10
1466,NFLX,buy,2
1467,AMZN,sell,0
1468,GOOGL,sell,6
1469,META,sell,4
1470,BoarCo,buy,8
1471,MenhirCo,sell,4
1472,META,sell,6
1473,META,sell,1
1474,NFLX,sell,7
1475,AAPL,buy,4
1476,RottenFishCo,buy,6
1477,AMZN,buy,9
1478,META,buy,6
1479,AMZN,buy,10
1480,MenhirCo,buy,2
1481,META,sell,8
1482,GOOGL,sell,9
1483,BoarCo,sell,2
1484,GOOGL,buy,5
1485,AMZN,buy,10
1486,AAPL,buy,0
1487,AMZN,buy,9
1488,MenhirCo,buy,8
1489,MenhirCo,sell,4
1490,AAPL,sell,1
1491,AMZN,sell,5
1492,BoarCo,sell,8
1493,BoarCo,buy,10
1494,AMZN,sell,3
1495,NFLX,buy,1
1496,BoarCo,sell,5
1497,META,buy,3
1498,MenhirCo,buy,10
1499,NFLX,sell,0
1500,RottenFishCo,buy,9
1501,AMZN,buy,5
1502,META,sell,0
1503,NVDA,sell,0
1504,NVDA,sell,10
1505,RottenFishCo,buy,3
1506,GOOGL,sell,8
1507,AMZN,buy,2
1508,RottenFishCo,buy,8
1509,RottenFishCo,sell,8
1510,NFLX,buy,8
1511,META,buy,6
1512,AAPL,buy,1
1513,RottenFishCo,buy,10
1514,MenhirCo,buy,10
1515,MenhirCo,sell,9
1516,META,buy,2
1517,GOOGL,buy,2
1518,NFLX,sell,6
1519,BoarCo,sell,0
1520,AMZN,sell,8
1521,MenhirCo,sell,1
1522,META,buy,1
1523,MenhirCo,sell,8
1524,BoarCo,buy,8
1525,MenhirCo,sell,2
1526,RottenFishCo,buy,2
1527,NFLX,buy,10
1528,RottenFishCo,sell,1
1529,AAPL,buy,0
1530,RottenFishCo,sell,9
1531,GOOGL,buy,8
1532,BoarCo,sell,3
1533,META,sell,8
1534,NVDA,buy,9
1535,NFLX,sell,4
1536,AAPL,sell,2
1537,RottenFishCo,buy,8
1538,GOOGL,sell,8
1539,AAPL,sell,8
1540,RottenFishCo,sell,2
1541,META,buy,7
1542,META,buy,4
1543,AMZN,buy,6
1544,AAPL,buy,5
1545,META,buy,7
1546,AAPL,sell,6
1547,GOOGL,sell,8
1548,META,sell,6
1549,AMZN,sell,8
1550,META,sell,8
1551,AAPL,sell,2
1552,NFLX,buy,7
1553,META,buy,9
1554,MenhirCo,buy,9
1555,RottenFishCo,buy,9
1556,RottenFishCo,sell,9
1557,NVDA,sell,2
1558,AAPL,buy,9
1559,NVDA,buy,10
1560,AMZN,buy,4
1561,BoarCo,buy,6
1562,GOOGL,buy,9
1563,GOOGL,buy,7
1564,NFLX,sell,3
1565,NFLX,buy,9
1566,NFLX,buy,5
1567,GOOGL,buy,0
1568,BoarCo,buy,4
1569,AMZN,sell,2
1570,BoarCo,sell,0
1571,META,sell,0
1572,RottenFishCo,buy,0
1573,GOOGL,buy,7
1574,GOOGL,sell,7
1575,NVDA,buy,7
1576,MenhirCo,buy,0
1577,RottenFishCo,buy,2
1578,RottenFishCo,buy,3
1579,BoarCo,buy,1
1580,RottenFishCo,sell,5
1581,BoarCo,buy,8
1582,META,sell,8
1583,META,buy,6
1584,BoarCo,sell,2
1585,AAPL,buy,7
1586,NFLX,sell,0
1587,META,buy,4
1588,MenhirCo,sell,7
1589,GOOGL,sell,5
1590,BoarCo,buy,9
1591,RottenFishCo,sell,9
1592,AAPL,sell,0
1593,RottenFishCo,buy,7
1594,BoarCo,buy,1
1595,NFLX,sell,3
1596,BoarCo,buy,4
1597,NFLX,buy,10
1598,RottenFishCo,sell,3
1599,MenhirCo,sell,6
1600,MenhirCo,buy,7
1601,META,buy,9
1602,BoarCo,buy,9
1603,NVDA,buy,2
1604,AMZN,sell,10
1605,BoarCo,buy,2
1606,RottenFishCo,sell,5
1607,MenhirCo,sell,7
1608,META,buy,3
1609,MenhirCo,buy,2
1610,MenhirCo,buy,3
1611,META,sell,7
1612,BoarCo,sell,7
1613,GOOGL,buy,5
1614,MenhirCo,buy,6
1615,MenhirCo,sell,4
1616,NVDA,buy,5
1617,BoarCo,sell,1
1618,RottenFishCo,buy,1
1619,META,sell,7
1620,GOOGL,sell,6
1621,AMZN,buy,5
1622,RottenFishCo,buy,0
1623,AAPL,buy,7
1624,GOOGL,sell,1
1625,NFLX,sell,3
1626,NFLX,buy,1
1627,GOOGL,buy,9
1628,NFLX,sell,2
1629,AAPL,buy,7
1630,NFLX,sell,8
1631,GOOGL,sell,1
1632,META,sell,7
1633,AMZN,sell,4
1634,AMZN,sell,8
1635,GOOGL,sell,4
1636,MenhirCo,buy,9
1637,MenhirCo,buy,2
1638,BoarCo,buy,1
1639,AAPL,sell,4
1640,META,buy,0
1641,NFLX,sell,2
1642,GOOGL,sell,1
1643,MenhirCo,buy,8
1644,NFLX,sell,0
1645,BoarCo,buy,4
1646,BoarCo,sell,7
1647,META,buy,4
1648,MenhirCo,buy,2
1649,RottenFishCo,sell,5
1650,AAPL,buy,9
1651,RottenFishCo,sell,1
1652,AAPL,buy,8
1653,MenhirCo,sell,1
1654,NVDA,buy,0
1655,AMZN,sell,1
1656,BoarCo,sell,8
1657,MenhirCo,sell,8
1658,MenhirCo,sell,3
1659,AMZN,buy,5
1660,MenhirCo,sell,2
1661,BoarCo,sell,6
1662,MenhirCo,buy,0
1663,RottenFishCo,sell,7
1664,BoarCo,buy,3
1665,AMZN,buy,3
1666,NVDA,buy,1
1667,NFLX,buy,8
1668,MenhirCo,sell,6
1669,RottenFishCo,buy,1
1670,MenhirCo,sell,8
1671,AAPL,buy,10
1672,AMZN,buy,2
1673,GOOGL,buy,9
1674,META,sell,4
1675,BoarCo,buy,8
1676,AMZN,sell,6
1677,GOOGL,sell,1
1678,AAPL,buy,8
1679,AMZN,sell,1
1680,META,buy,0
1681,NFLX,buy,7
1682,NVDA,buy,10
1683,MenhirCo,buy,7
1684,NVDA,buy,3
1685,MenhirCo,buy,6
1686,NVDA,buy,0
1687,AAPL,sell,4
1688,GOOGL,buy,4
1689,META,sell,10
1690,NVDA,buy,9
1691,AMZN,sell,8
1692,NVDA,buy,8
1693,AAPL,buy,9
1694,META,sell,5
1695,NFLX,sell,5
1696,META,sell,8
1697,GOOGL,buy,5
1698,AMZN,sell,0
1699,META,buy,6
1700,RottenFishCo,buy,1
1701,NFLX,buy,1
1702,NVDA,buy,4
1703,NFLX,buy,0
1704,NFLX,buy,8
1705,RottenFishCo,buy,1
1706,NVDA,buy,4
1707,NVDA,sell,1
1708,RottenFishCo,buy,0
1709,AMZN,sell,3
1710,NVDA,sell,3
1711,META,buy,8
1712,NFLX,buy,4
1713,NVDA,sell,8
1714,NVDA,sell,2
1715,MenhirCo,sell,2
1716,BoarCo,buy,3
1717,BoarCo,sell,2
1718,META,buy,0
1719,AMZN,buy,8
1720,MenhirCo,buy,0
1721,NFLX,sell,5
1722,NFLX,sell,7
1723,RottenFishCo,buy,9
1724,MenhirCo,buy,3
1725,NFLX,sell,7
1726,MenhirCo,buy,4
1727,AAPL,buy,3
1728,MenhirCo,sell,2
1729,GOOGL,sell,3
1730,GOOGL,buy,2
1731,NVDA,buy,2
1732,NVDA,buy,10
1733,NFLX,buy,9
1734,MenhirCo,buy,2
1735,BoarCo,buy,2
1736,MenhirCo,buy,4
1737,BoarCo,buy,9
1738,AMZN,buy,8
1739,NFLX,sell,1
1740,BoarCo,sell,10
1741,MenhirCo,sell,8
1742,META,buy,9
1743,NVDA,buy,4
1744,AAPL,sell,9
1745,GOOGL,buy,1
1746,META,sell,10
1747,NFLX,buy,8
1748,NFLX,sell,1
1749,RottenFishCo,sell,4
1750,NFLX,buy,3
1751,NVDA,buy,10
1752,GOOGL,sell,1
1753,BoarCo,buy,1
1754,BoarCo,buy,1
1755,BoarCo,buy,2
1756,NVDA,buy,10
1757,NVDA,buy,2
1758,NFLX,sell,6
1759,AAPL,buy,6
1760,BoarCo,sell,3
1761,BoarCo,buy,7
1762,MenhirCo,sell,3
1763,RottenFishCo,sell,2
1764,BoarCo,sell,3
1765,NVDA,sell,0
1766,GOOGL,buy,5
1767,RottenFishCo,buy,4
1768,GOOGL,buy,8
1769,BoarCo,buy,1
1770,RottenFishCo,buy,0
1771,AMZN,sell,3
1772,AMZN,sell,5
1773,AMZN,sell,6
1774,AMZN,sell,9
1775,AMZN,sell,3
1776,NVDA,buy,5
1777,GOOGL,buy,8
1778,AAPL,buy,9
1779,NFLX,buy,1
1780,AAPL,buy,9
1781,MenhirCo,buy,2
1782,AMZN,sell,0
1783,MenhirCo,sell,1
1784,NVDA,sell,3
1785,MenhirCo,sell,8
1786,MenhirCo,sell,2
1787,AMZN,sell,4
1788,AMZN,buy,9
1789,RottenFishCo,buy,5
1790,AAPL,sell,10
1791,MenhirCo,sell,5
1792,META,sell,2
1793,AMZN,buy,10
1794,AMZN,sell,1
1795,AMZN,sell,9
1796,NFLX,sell,5
1797,AAPL,buy,4
1798,MenhirCo,sell,10
1799,BoarCo,buy,9
1800,RottenFishCo,sell,1
1801,RottenFishCo,sell,4
1802,NFLX,buy,6
1803,GOOGL,buy,1
1804,RottenFishCo,buy,4
1805,NFLX,buy,9
1806,NFLX,sell,3
1807,AMZN,sell,5
1808,NVDA,buy,1
1809,META,sell,9
1810,GOOGL,buy,2
1811,NFLX,buy,2
1812,RottenFishCo,sell,4
1813,AAPL,buy,5
1814,MenhirCo,buy,6
1815,BoarCo,buy,4
1816,META,sell,8
1817,AAPL,buy,1
1818,AAPL,sell,7
1819,BoarCo,buy,9
1820,AAPL,buy,8
1821,AAPL,sell,10
1822,MenhirCo,sell,9
1823,MenhirCo,buy,2
1824,BoarCo,buy,0
1825,AAPL,sell,1
1826,NFLX,sell,1
1827,RottenFishCo,sell,1
1828,AAPL,buy,5
1829,MenhirCo,buy,3
1830,NFLX,buy,2
1831,BoarCo,buy,4
1832,AMZN,sell,8
1833,META,buy,0
1834,META,sell,1
1835,NFLX,buy,1
1836,RottenFishCo,buy,5
1837,AAPL,sell,5
1838,NVDA,sell,0
1839,BoarCo,buy,8
1840,NVDA,sell,8
1841,MenhirCo,sell,0
1842,MenhirCo,sell,9
1843,RottenFishCo,sell,0
1844,MenhirCo,buy,9
1845,RottenFishCo,sell,4
1846,GOOGL,buy,7
1847,MenhirCo,buy,9
1848,NVDA,sell,0
1849,AAPL,buy,4
1850,AMZN,sell,8
1851,META,sell,5
1852,NVDA,buy,3
1853,META,sell,9
1854,AAPL,buy,10
1855,GOOGL,sell,3
1856,GOOGL,sell,7
1857,BoarCo,buy,3
1858,AMZN,buy,4
1859,META,sell,4
1860,RottenFishCo,sell,9
1861,NVDA,buy,8
1862,AMZN,sell,8
1863,NFLX,buy,4
1864,RottenFishCo,sell,4
1865,NFLX,sell,10
1866,BoarCo,buy,7
1867,AAPL,buy,3
1868,BoarCo,sell,4
1869,MenhirCo,sell,9
1870,MenhirCo,buy,8
1871,AAPL,buy,10
1872,NFLX,sell,8
1873,NVDA,sell,4
1874,MenhirCo,sell,8
1875,META,sell,5
1876,MenhirCo,sell,5
1877,RottenFishCo,buy,9
1878,NFLX,buy,9
1879,RottenFishCo,buy,1
1880,RottenFishCo,sell,2
1881,BoarCo,sell,8
1882,BoarCo,sell,7
1883,RottenFishCo,buy,10
1884,AAPL,buy,6
1885,NFLX,sell,1
1886,RottenFishCo,sell,4
1887,NVDA,sell,5
1888,GOOGL,buy,1
1889,MenhirCo,buy,1
1890,AAPL,buy,0
1891,MenhirCo,sell,7
1892,MenhirCo,sell,1
1893,NFLX,buy,0
1894,AMZN,sell,10
1895,AAPL,sell,8
1896,NFLX,buy,9
1897,MenhirCo,sell,2
1898,AAPL,buy,8
1899,MenhirCo,buy,1
1900,META,buy,9
1901,NVDA,buy,6
1902,NVDA,sell,0
1903,AAPL,sell,5
1904,NVDA,sell,8
1905,MenhirCo,sell,6
1906,MenhirCo,buy,1
1907,NFLX,sell,0
1908,GOOGL,sell,8
1909,META,sell,5
1910,AAPL,sell,4
1911,NVDA,sell,8
1912,AAPL,buy,5
1913,NVDA,sell,6
1914,META,sell,10
1915,NFLX,buy,4
1916,NVDA,buy,7
1917,AMZN,buy,6
1918,BoarCo,buy,10
1919,META,sell,3
1920,RottenFishCo,sell,0
1921,BoarCo,sell,9
1922,NFLX,sell,0
1923,GOOGL,buy,5
1924,AAPL,sell,3
1925,NFLX,sell,5
1926,MenhirCo,sell,6
1927,BoarCo,sell,0
1928,GOOGL,buy,5
1929,AMZN,buy,4
1930,RottenFishCo,sell,5
1931,AAPL,buy,2
1932,RottenFishCo,buy,8
1933,NVDA,sell,1
1934,META,buy,0
1935,AMZN,sell,2
1936,NFLX,buy,5
1937,GOOGL,buy,6
1938,MenhirCo,buy,8
1939,META,sell,6
1940,NVDA,buy,7
1941,RottenFishCo,sell,2
1942,RottenFishCo,buy,9
1943,META,sell,10
1944,GOOGL,buy,10
1945,META,buy,1
1946,BoarCo,buy,5
1947,BoarCo,buy,1
1948,META,buy,5
1949,BoarCo,sell,4
1950,NFLX,sell,8
1951,GOOGL,sell,6
1952,AMZN,buy,6
1953,NFLX,sell,9
1954,AMZN,buy,2
1955,MenhirCo,sell,2
1956,NFLX,sell,5
1957,AAPL,sell,10
1958,META,sell,2
1959,BoarCo,sell,2
1960,AAPL,buy,9
1961,MenhirCo,sell,9
1962,RottenFishCo,buy,4
1963,AAPL,sell,7
1964,AMZN,buy,2
1965,AMZN,sell,5
1966,MenhirCo,sell,3
1967,AMZN,buy,0
1968,GOOGL,sell,9
1969,NFLX,sell,1
1970,GOOGL,buy,9
1971,NVDA,buy,2
1972,NVDA,sell,6
1973,AAPL,buy,0
1974,GOOGL,sell,6
1975,AAPL,sell,9
1976,NFLX,sell,4
1977,META,sell,10
1978,GOOGL,buy,8
1979,MenhirCo,buy,3
1980,META,buy,10
1981,AMZN,sell,1
1982,AMZN,buy,7
1983,GOOGL,sell,5
1984,BoarCo,buy,5
1985,MenhirCo,buy,0
1986,NFLX,sell,5
1987,AAPL,sell,7
1988,MenhirCo,buy,7
1989,AMZN,sell,4
1990,NFLX,sell,0
1991,META,buy,9
1992,NFLX,buy,10
1993,MenhirCo,buy,7
1994,BoarCo,sell,5
1995,RottenFishCo,buy,5
1996,META,sell,7
1997,RottenFishCo,buy,7
1998,MenhirCo,buy,4
1999,GOOGL,buy,9
2000,MenhirCo,buy,5
2001,MenhirCo,buy,7
2002,AAPL,buy,8
2003,AMZN,sell,4
2004,NVDA,sell,8
2005,MenhirCo,sell,8
2006,MenhirCo,buy,8
2007,MenhirCo,buy,2
2008,BoarCo,sell,0
2009,AAPL,buy,0
2010,NVDA,sell,2
2011,GOOGL,buy,0
2012,NVDA,buy,5
2013,MenhirCo,buy,4
2014,NFLX,buy,2
2015,MenhirCo,sell,10
2016,AAPL,buy,9
2017,MenhirCo,sell,3
2018,NFLX,sell,4
2019,BoarCo,buy,2
2020,META,sell,6
2021,GOOGL,buy,10
2022,AMZN,buy,1
2023,MenhirCo,sell,10
2024,AMZN,sell,6
2025,AAPL,sell,2
2026,NVDA,sell,0
2027,GOOGL,sell,1
2028,NVDA,buy,10
2029,NFLX,buy,2
2030,AAPL,sell,7
2031,META,sell,9
2032,NFLX,sell,0
2033,MenhirCo,buy,8
2034,AMZN,buy,2
2035,AAPL,buy,6
2036,NVDA,buy,7
2037,META,sell,2
2038,AMZN,buy,6
2039,GOOGL,buy,2
2040,GOOGL,sell,6
2041,GOOGL,buy,0
2042,BoarCo,sell,9
2043,META,buy,4
2044,BoarCo,buy,5
2045,NVDA,sell,2
2046,NVDA,sell,1
2047,AMZN,buy,0
2048,MenhirCo,sell,6
2049,META,buy,9
2050,BoarCo,buy,7
2051,AMZN,buy,1
2052,MenhirCo,sell,1
2053,NFLX,sell,10
2054,META,buy,7
2055,GOOGL,sell,3
2056,NVDA,sell,10
2057,AMZN,buy,5
2058,BoarCo,sell,9
2059,AMZN,sell,6
2060,AAPL,sell,1
2061,META,sell,6
2062,NFLX,buy,7
2063,NVDA,sell,1
2064,NVDA,sell,10
2065,GOOGL,sell,7
2066,AMZN,buy,6
2067,NFLX,sell,9
2068,NVDA,sell,2
2069,META,buy,2
2070,MenhirCo,buy,7
2071,NVDA,sell,9
2072,NFLX,sell,5
2073,NVDA,sell,1
2074,NVDA,buy,9
2075,NFLX,sell,9
2076,NVDA,buy,2
2077,AAPL,buy,1
2078,GOOGL,buy,7
2079,NVDA,buy,1
2080,NVDA,buy,8
2081,GOOGL,sell,6
2082,MenhirCo,buy,1
2083,BoarCo,buy,2
2084,AMZN,sell,2
2085,AAPL,buy,6
2086,AAPL,buy,2
2087,NVDA,sell,2
2088,MenhirCo,buy,10
2089,NVDA,buy,1
2090,MenhirCo,buy,7
2091,MenhirCo,sell,1
2092,BoarCo,buy,9
2093,NFLX,sell,7
2094,META,buy,2
2095,AMZN,buy,0
2096,AMZN,sell,1
2097,AAPL,sell,6
2098,META,buy,4
2099,AAPL,sell,4
2100,META,buy,7
2101,META,sell,4
2102,NFLX,sell,4
2103,NFLX,buy,8
2104,NFLX,sell,1
2105,META,buy,8
2106,AMZN,sell,3
2107,AAPL,sell,3
2108,META,buy,5
2109,GOOGL,buy,4
2110,AMZN,buy,6
2111,BoarCo,sell,9
2112,AMZN,buy,9
2113,BoarCo,buy,2
2114,AAPL,buy,4
2115,BoarCo,sell,8
2116,META,sell,10
2117,GOOGL,sell,8
2118,NVDA,buy,9
2119,NVDA,sell,4
2120,GOOGL,buy,10
2121,BoarCo,sell,8
2122,AAPL,sell,4
2123,META,buy,3
2124,AAPL,sell,0
2125,META,buy,10
2126,NVDA,buy,9
2127,BoarCo,buy,6
2128,GOOGL,buy,1
2129,META,sell,5
2130,AMZN,buy,0
2131,BoarCo,buy,7
2132,MenhirCo,sell,0
2133,AAPL,buy,6
2134,GOOGL,buy,1
2135,NFLX,buy,6
2136,BoarCo,buy,9
2137,META,sell,6
2138,AMZN,sell,6
2139,MenhirCo,buy,8
2140,AMZN,buy,4
2141,GOOGL,buy,7
2142,BoarCo,sell,5
2143,AMZN,buy,6
2144,BoarCo,buy,9
2145,GOOGL,sell,8
2146,GOOGL,sell,7
2147,NFLX,buy,8
2148,AMZN,buy,5
2149,BoarCo,sell,8
2150,AMZN,buy,9
2151,GOOGL,sell,10
2152,NFLX,sell,7
2153,AMZN,buy,7
2154,META,sell,2
2155,AAPL,buy,9
2156,AAPL,buy,10
2157,GOOGL,sell,6
2158,GOOGL,buy,7
2159,NVDA,sell,4
2160,NFLX,buy,10
2161,GOOGL,buy,8
2162,AMZN,buy,2
2163,NVDA,sell,6
2164,NVDA,sell,9
2165,GOOGL,sell,10
2166,AMZN,buy,6
2167,AAPL,sell,0
2168,AAPL,buy,7
2169,NFLX,buy,3
2170,NVDA,sell,9
2171,BoarCo,buy,2
2172,NFLX,sell,3
2173,GOOGL,buy,8
2174,NVDA,buy,3
2175,NVDA,sell,0
2176,NVDA,buy,5
2177,META,sell,6
2178,NFLX,sell,0
2179,GOOGL,buy,6
2180,BoarCo,sell,8
2181,NFLX,buy,6
2182,BoarCo,sell,0
2183,NFLX,buy,10
2184,NFLX,buy,10
2185,NVDA,buy,3
2186,MenhirCo,buy,5
2187,BoarCo,buy,1
2188,AAPL,buy,10
2189,AMZN,buy,0
2190,AAPL,buy,9
2191,MenhirCo,sell,0
2192,AMZN,sell,2
2193,AAPL,sell,1
2194,META,sell,9
2195,AMZN,sell,2
2196,NFLX,buy,1
2197,GOOGL,sell,4
2198,META,sell,8
2199,NFLX,sell,3
2200,META,buy,8
2201,NFLX,buy,5
2202,NVDA,sell,5
2203,AAPL,buy,5
2204,AAPL,buy,3
2205,NFLX,sell,0
2206,NFLX,sell,6
2207,META,buy,10
2208,NFLX,sell,1
2209,NFLX,sell,1
2210,GOOGL,buy,1
2211,AMZN,buy,4
2212,NFLX,buy,10
2213,AAPL,sell,3
2214,GOOGL,buy,10
2215,MenhirCo,buy,1
2216,NFLX,buy,6
2217,NVDA,sell,1
2218,MenhirCo,sell,9
2219,BoarCo,buy,0
2220,GOOGL,sell,4
2221,GOOGL,sell,1
2222,AAPL,sell,7
2223,AMZN,buy,6
2224,AMZN,buy,5
2225,META,buy,5
2226,AMZN,buy,0
2227,AMZN,sell,10
2228,NVDA,buy,3
2229,BoarCo,buy,2
2230,AMZN,sell,7
2231,AMZN,buy,0
2232,BoarCo,sell,8
2233,GOOGL,buy,10
2234,META,buy,7
2235,AAPL,buy,5
2236,GOOGL,sell,9
2237,NVDA,buy,4
2238,BoarCo,sell,9
2239,AMZN,buy,1
2240,NFLX,sell,6
2241,BoarCo,sell,9
2242,MenhirCo,buy,0
2243,NVDA,sell,7
2244,GOOGL,sell,9
2245,AMZN,sell,3
2246,AMZN,sell,6
2247,MenhirCo,sell,7
2248,AAPL,buy,9
2249,AAPL,buy,7
2250,MenhirCo,buy,5
2251,BoarCo,sell,10
2252,BoarCo,sell,4
2253,MenhirCo,sell,10
2254,META,buy,0
2255,NVDA,sell,10
2256,MenhirCo,sell,2
2257,NVDA,buy,4
2258,MenhirCo,sell,0
2259,NVDA,sell,5
2260,AMZN,buy,2
2261,GOOGL,sell,3
2262,GOOGL,sell,9
2263,NVDA,sell,4
2264,BoarCo,sell,1
2265,META,buy,4
2266,NVDA,buy,6
2267,META,sell,7
2268,META,sell,5
2269,AAPL,buy,7
2270,NVDA,sell,8
2271,GOOGL,sell,5
2272,AMZN,buy,1
2273,META,buy,1
2274,META,buy,1
2275,GOOGL,buy,4
2276,MenhirCo,buy,5
2277,AMZN,sell,10
2278,GOOGL,sell,0
2279,BoarCo,buy,4
2280,AMZN,buy,7
2281,GOOGL,sell,4
2282,MenhirCo,buy,3
2283,META,sell,5
2284,MenhirCo,buy,4
2285,AMZN,sell,2
2286,NFLX,sell,2
2287,NVDA,buy,5
2288,AMZN,sell,7
2289,AAPL,buy,2
2290,AMZN,sell,7
2291,META,sell,5
2292,MenhirCo,buy,3
2293,NVDA,sell,9
2294,NFLX,sell,8
2295,BoarCo,sell,3
2296,MenhirCo,buy,3
2297,NFLX,buy,10
2298,GOOGL,buy,8
2299,MenhirCo,sell,4
2300,NVDA,buy,7
2301,GOOGL,buy,6
2302,GOOGL,buy,9
2303,META,buy,5
2304,AAPL,sell,3
2305,AAPL,buy,6
2306,BoarCo,buy,4
2307,GOOGL,sell,5
2308,META,sell,1
2309,NVDA,sell,6
2310,AAPL,buy,8
2311,META,sell,3
2312,NVDA,buy,7
2313,NFLX,sell,9
2314,AMZN,sell,2
2315,AAPL,buy,4
2316,NFLX,sell,4
2317,MenhirCo,buy,4
2318,NVDA,buy,5
2319,NVDA,buy,3
2320,AAPL,sell,1
2321,AMZN,sell,5
2322,AAPL,buy,7
2323,NFLX,buy,6
2324,NVDA,buy,6
2325,NVDA,sell,6
2326,NFLX,buy,1
2327,AMZN,buy,5
2328,BoarCo,buy,2
2329,NVDA,buy,6
2330,AAPL,buy,2
2331,BoarCo,buy,6
2332,NFLX,buy,4
2333,GOOGL,sell,6
2334,MenhirCo,buy,9
2335,NVDA,buy,2
2336,AMZN,sell,7
2337,NVDA,buy,6
2338,NVDA,buy,0
2339,META,buy,4
2340,AMZN,buy,9
2341,AMZN,buy,8
2342,NFLX,buy,3
2343,NVDA,buy,2
2344,BoarCo,buy,6
2345,BoarCo,buy,1
2346,MenhirCo,buy,2
2347,META,sell,4
2348,NVDA,buy,9
2349,MenhirCo,sell,8
2350,META,sell,4
2351,NVDA,sell,3
2352,AMZN,sell,3
2353,NFLX,buy,8
2354,MenhirCo,buy,4
2355,AMZN,buy,2
2356,META,buy,6
2357,AMZN,buy,9
2358,META,sell,4
2359,MenhirCo,sell,4
2360,MenhirCo,buy,10
2361,BoarCo,sell,5
2362,MenhirCo,sell,8
2363,MenhirCo,buy,0
2364,NVDA,sell,5
2365,AAPL,sell,7
2366,META,buy,4
2367,AAPL,sell,2
2368,AMZN,sell,3
2369,META,sell,3
2370,NVDA,sell,5
2371,META,buy,2
2372,MenhirCo,buy,7
2373,AAPL,sell,7
2374,GOOGL,buy,5
2375,META,sell,9
2376,MenhirCo,sell,8
2377,NVDA,buy,2
2378,GOOGL,buy,3
2379,NVDA,buy,0
2380,AAPL,sell,9
2381,BoarCo,sell,0
2382,META,sell,3
2383,BoarCo,sell,7
2384,AAPL,buy,8
2385,NVDA,sell,6
2386,MenhirCo,sell,9
2387,NVDA,sell,6
2388,BoarCo,sell,4
2389,MenhirCo,buy,9
2390,META,buy,2
2391,AMZN,sell,6
2392,AAPL,sell,7
2393,MenhirCo,sell,7
2394,META,sell,4
2395,META,sell,9
2396,BoarCo,sell,3
2397,AAPL,sell,6
2398,MenhirCo,buy,7
2399,MenhirCo,buy,9
2400,MenhirCo,buy,6
2401,MenhirCo,sell,3
2402,AMZN,buy,3
2403,META,sell,0
2404,BoarCo,sell,9
2405,MenhirCo,sell,6
2406,BoarCo,sell,4
2407,MenhirCo,buy,2
2408,AMZN,sell,9
2409,META,buy,7
2410,AAPL,sell,10
2411,NVDA,sell,9
2412,MenhirCo,sell,8
2413,NVDA,buy,2
2414,AAPL,buy,0
2415,AMZN,sell,3
2416,MenhirCo,sell,9
2417,META,sell,7
2418,GOOGL,sell,4
2419,BoarCo,buy,10
2420,MenhirCo,sell,4
2421,AMZN,sell,0
2422,BoarCo,sell,7
2423,AMZN,buy,0
2424,NVDA,sell,8
2425,GOOGL,sell,3
2426,BoarCo,buy,0
2427,NVDA,buy,8
2428,NVDA,sell,5
2429,META,buy,5
2430,GOOGL,sell,6
2431,BoarCo,sell,6
2432,AMZN,buy,2
2433,AAPL,buy,6
2434,META,buy,5
2435,MenhirCo,sell,4
2436,AMZN,sell,1
2437,META,sell,5
2438,MenhirCo,buy,2
2439,AMZN,sell,4
2440,MenhirCo,sell,8
2441,AMZN,buy,9
2442,AAPL,sell,8
2443,NVDA,sell,2
2444,AMZN,sell,5
2445,META,buy,2
2446,AMZN,buy,10
2447,AAPL,buy,7
2448,META,sell,3
2449,AMZN,buy,2
2450,NVDA,buy,8
2451,BoarCo,buy,5
2452,BoarCo,sell,0
2453,AMZN,sell,1
2454,MenhirCo,sell,10
2455,MenhirCo,buy,5
2456,AAPL,buy,3
2457,GOOGL,sell,2
2458,MenhirCo,buy,0
2459,GOOGL,sell,8
2460,BoarCo,buy,5
2461,AMZN,sell,0
2462,NVDA,sell,2
2463,META,sell,10
2464,GOOGL,sell,10
2465,NVDA,sell,1
2466,BoarCo,buy,10
2467,BoarCo,buy,2
2468,GOOGL,buy,5
2469,BoarCo,buy,0
2470,BoarCo,sell,3
2471,AAPL,buy,6
2472,META,buy,8
2473,BoarCo,buy,6
2474,GOOGL,buy,1
2475,NVDA,buy,7
2476,NVDA,sell,4
2477,META,buy,4
2478,MenhirCo,sell,3
2479,META,buy,0
2480,BoarCo,sell,0
2481,GOOGL,buy,5
2482,MenhirCo,sell,4
2483,NVDA,buy,4
2484,META,buy,0
2485,AMZN,sell,4
2486,BoarCo,buy,2
2487,NVDA,sell,7
2488,NVDA,buy,6
2489,NVDA,buy,0
2490,NVDA,sell,10
2491,MenhirCo,sell,10
2492,AAPL,sell,3
2493,NVDA,buy,10
2494,AAPL,sell,5
2495,BoarCo,buy,7
2496,BoarCo,sell,10
2497,BoarCo,sell,10
2498,MenhirCo,sell,3
2499,NVDA,buy,5
2500,MenhirCo,buy,8
2501,BoarCo,buy,0
2502,MenhirCo,sell,10
2503,BoarCo,buy,10
2504,META,buy,3
2505,AMZN,buy,7
2506,META,buy,4
2507,AMZN,sell,6
2508,AAPL,sell,5
2509,BoarCo,buy,3
2510,META,sell,10
2511,AAPL,buy,0
2512,NVDA,sell,8
2513,AMZN,sell,1
2514,MenhirCo,buy,5
2515,NVDA,sell,3
2516,MenhirCo,buy,6
2517,NVDA,buy,5
2518,META,buy,0
2519,BoarCo,sell,3
2520,GOOGL,buy,5
2521,AMZN,sell,2
2522,MenhirCo,buy,1
2523,AAPL,buy,6
2524,MenhirCo,sell,8
2525,MenhirCo,sell,5
2526,META,sell,4
2527,AMZN,buy,3
2528,MenhirCo,sell,6
2529,NVDA,buy,6
2530,GOOGL,sell,7
2531,MenhirCo,buy,8
2532,NVDA,buy,4
2533,AAPL,buy,5
2534,AMZN,buy,9
2535,GOOGL,buy,10
2536,MenhirCo,sell,8
2537,AMZN,sell,6
2538,AMZN,buy,2
2539,AAPL,buy,2
2540,BoarCo,sell,2
2541,BoarCo,sell,3
2542,NVDA,buy,1
2543,AMZN,buy,0
2544,GOOGL,buy,3
2545,AAPL,buy,5
2546,AMZN,sell,8
2547,BoarCo,sell,2
2548,META,buy,5
2549,MenhirCo,buy,4
2550,GOOGL,sell,4
2551,GOOGL,sell,4
2552,META,buy,6
2553,AMZN,buy,7
2554,AAPL,buy,8
